train_lr,train_loss,train_loss_vfl,train_loss_bbox,train_loss_giou,train_loss_vfl_aux_0,train_loss_bbox_aux_0,train_loss_giou_aux_0,train_loss_vfl_aux_1,train_loss_bbox_aux_1,train_loss_giou_aux_1,train_loss_vfl_aux_2,train_loss_bbox_aux_2,train_loss_giou_aux_2,train_loss_vfl_aux_3,train_loss_bbox_aux_3,train_loss_giou_aux_3,train_loss_vfl_aux_4,train_loss_bbox_aux_4,train_loss_giou_aux_4,train_loss_vfl_aux_5,train_loss_bbox_aux_5,train_loss_giou_aux_5,train_loss_vfl_dn_0,train_loss_bbox_dn_0,train_loss_giou_dn_0,train_loss_vfl_dn_1,train_loss_bbox_dn_1,train_loss_giou_dn_1,train_loss_vfl_dn_2,train_loss_bbox_dn_2,train_loss_giou_dn_2,train_loss_vfl_dn_3,train_loss_bbox_dn_3,train_loss_giou_dn_3,train_loss_vfl_dn_4,train_loss_bbox_dn_4,train_loss_giou_dn_4,train_loss_vfl_dn_5,train_loss_bbox_dn_5,train_loss_giou_dn_5,epoch,n_parameters,mAP@[0.50:0.95],mAP@0.50,mAP@0.75,mAP small,mAP medium,mAP large,AR@1,AR@10,AR@100,AR small,AR medium,AR large
1.0000000000000677e-05,14.184322827826955,0.4205861466704611,0.04678032350600033,0.6469938094651914,0.5835991699284924,0.04900780929464951,0.6778849585836473,0.5243911753922176,0.047112196382991564,0.6614588655719551,0.44659382637396144,0.04735464538680611,0.6505646808393015,0.42623627407544734,0.046287998333644706,0.6426988039912581,0.42354279761332686,0.04628726344566271,0.6479650569883602,0.5519869600765694,0.06843595274202513,0.8192665309516438,0.48980431363945837,0.0422173947956239,0.6005963251129779,0.4351445480146404,0.031718081771150805,0.5102556974716003,0.4158841006192554,0.029755431587623955,0.48394903033077613,0.4111093766034614,0.02943365179220179,0.48203396629366213,0.4077297123122291,0.02919547727248211,0.47708915596031765,0.4072707948960943,0.02950395200527727,0.4814795139728943,0,42704625,0.4267178039032926,0.7723477544537491,0.4339546626984297,0.05368119933118264,0.43158583284289465,0.5500550042004619,0.22830949158405173,0.5310349292629921,0.5452546040154744,0.1652903503672101,0.5671521662212269,0.7060971632225763
1.0000000000000677e-05,12.872432003869385,0.38668700823434515,0.03696495438629745,0.5847214199415529,0.4935247501189227,0.03925732760147658,0.6127781955342688,0.49501836558017515,0.03788963242216975,0.5959952638649636,0.42307050334347274,0.037695866582531906,0.5812754543309808,0.3901105789176493,0.03763217403553576,0.5818175837107898,0.3811804085941212,0.03717270628239402,0.584367036365411,0.47122392813287156,0.048600196703230625,0.7064557576715046,0.4336350727776666,0.03742426010753496,0.5553694681288726,0.3915185958015414,0.027788769529025214,0.46082438506333645,0.3760438212030158,0.026059641576410195,0.4357970699161643,0.3757743514601734,0.025781536827113063,0.433058230339803,0.3769570464961172,0.025943593543183468,0.4361077256441647,0.3771586247132454,0.025575310908277707,0.43943313522810407,1,42704625,0.46074779195986487,0.7895935748258913,0.46103803367113855,0.0869487263791192,0.46273986447995497,0.553226899882925,0.2360137986186182,0.5581796166117468,0.5689245735007855,0.1613832031633751,0.5866283638989027,0.6985320605305526
1.0000000000000677e-05,11.994650950719315,0.3696704663735854,0.03464428822571449,0.542020245295134,0.4541011557468835,0.03595670007007282,0.5733332454626993,0.4371935298879361,0.035328811315845574,0.5566132795275298,0.39052474072333127,0.03520123618211514,0.5465638579692937,0.37297949935460023,0.03518626365951488,0.5384427282135915,0.3670822564184306,0.03479403393797457,0.5468581445425371,0.45287244312804625,0.045345305733784445,0.6714734380215291,0.42604336619439637,0.035141426895319634,0.5239678183049132,0.37992931662126767,0.026147039837388288,0.4304414449203144,0.3641936595093666,0.024447261783451947,0.40906587551939405,0.3620744223386434,0.024094031927004825,0.4050296898771975,0.36093932719080873,0.0239429250515895,0.4037506051666351,0.36171272163487406,0.024281411978135607,0.4030796317257792,2,42704625,0.4591262169050365,0.8019426937464379,0.46398160240519454,0.08100319408554686,0.46739586905577385,0.5680423846128065,0.23701444728111273,0.5492497598273562,0.5624935328719344,0.16349536934894637,0.5832800049962201,0.7052482814412123
1.0000000000000677e-05,11.67390318702248,0.3635922105422863,0.03226335933834186,0.5134453104593895,0.4397506542919644,0.0339763056347704,0.5399636349838595,0.4147904007082309,0.03341186884760957,0.5255024740883069,0.38601178322921226,0.03311422854606001,0.5226745232289497,0.3704347009614052,0.032789804087478745,0.5195850979633828,0.3663860092909695,0.03251501198361587,0.5143648202134838,0.4513516871881152,0.043306870024265275,0.6529435825878023,0.4151757097642714,0.034071944053015224,0.4999307470935132,0.3725105665671238,0.025250494269591552,0.4153557643592513,0.3628464214884864,0.023253974146908735,0.38900535562997246,0.3537533754611625,0.022783076157600033,0.38717437356526824,0.35971839482716716,0.023029734873632572,0.38760603270133187,0.35750738666007653,0.023017192185931557,0.385544155187922,3,42704625,0.45352163577655524,0.7889698043888916,0.45908051284630363,0.0729453694074705,0.46562595022099723,0.5642535802164301,0.24012344555811052,0.5508026624843394,0.5712690179719695,0.14526305892665153,0.5808427431437242,0.7111018433425043
1.0000000000000677e-05,11.304993376593552,0.35205966139400013,0.03085586223255361,0.504840072506971,0.43221762878034437,0.032873423095387905,0.526322160761883,0.38845274716975525,0.031956139337888725,0.5109769310194475,0.36140307842169067,0.03143817536318655,0.5000132266136172,0.3562359466397689,0.031008784455838687,0.5012099133771715,0.3570704553078087,0.03090530144367563,0.5014472180045618,0.4419918046691066,0.042006305877794504,0.6350399145879845,0.4117997255556707,0.032313021410321024,0.49309194465223544,0.3653165871175537,0.0238224269941234,0.3973196910856842,0.3517413140728869,0.022113290827672747,0.37884366875555353,0.35111731336515273,0.021772758121947407,0.36964858697416997,0.3478283019524893,0.02199887772871568,0.3719050005256899,0.3512713255897104,0.021728821937598255,0.37684218664614455,4,42704625,0.45190509427891024,0.7935178317216528,0.4601764625146646,0.07167877570385903,0.46628688440035476,0.5536028459222312,0.2396857803517224,0.5507838447998683,0.5782254505031627,0.13083375597348199,0.5904261294455694,0.7147364912790173
1.0000000000000677e-05,11.132793290817476,0.3483426318045026,0.029994554333491845,0.48662545163943133,0.42219256856012505,0.032082240776440625,0.5122166451757287,0.37513676376038924,0.03117284723077626,0.5014341902224477,0.3572053400309228,0.030234196408169073,0.4895594053050653,0.35233185774281806,0.03029116034084826,0.48999651468393696,0.3503386955099265,0.02989354241604104,0.486585249553275,0.4348136590402139,0.04108239530603783,0.6317520923614994,0.40807555857928957,0.03140389525986964,0.48317683256801686,0.35991525601964974,0.023153671284727673,0.38432997559186033,0.35083185314774473,0.021402607836630085,0.3663720853154858,0.34552468629283445,0.020956512007078907,0.3586673769309898,0.34669660247398215,0.021035470631961428,0.36485520620526624,0.35014466512183756,0.021347868872528045,0.36287381189680157,5,42704625,0.4603376499374385,0.7929622184756644,0.46389529883165037,0.06971181725898443,0.467613023389158,0.5627310647731061,0.23563862628618015,0.5523480841748607,0.5662717802661378,0.1396986719218782,0.5876299485805931,0.7028550924992613
1.0000000000000677e-05,10.978053681404086,0.3503859717989654,0.029185134306964382,0.47867225259227886,0.41822290192786227,0.030981746001627418,0.49917276779395575,0.3743867680356015,0.029781285998875962,0.48196780851949567,0.3565685063031152,0.029268893998898853,0.481682077440524,0.34650953223733905,0.029233016980555124,0.47725174260958203,0.3500551792065954,0.029040549454003264,0.4718041694982089,0.43324947226318206,0.0397367539578058,0.6240941022812933,0.39919536871230826,0.030795138941806566,0.4654090068987102,0.3543427505245683,0.02238389676088712,0.3817394623144054,0.3481788411472008,0.021087890116397442,0.3561805191780242,0.343655991967372,0.02055755848068125,0.3538850982411336,0.33975149178439323,0.020549298736974832,0.35715241008037474,0.3407875930135443,0.020672716009242673,0.3574652461244605,6,42704625,0.45966781986769845,0.7826541720931084,0.4636350038784721,0.06980917258503885,0.45883353834817653,0.5527816969339889,0.23806547053586963,0.5480038318048173,0.5715639522921426,0.13767661455573071,0.5912957270183429,0.7051475694884319
1.0000000000000677e-05,10.765909493098935,0.34470740806442823,0.027987232882429144,0.4639791804664169,0.4214068757674013,0.03000303290469517,0.49418426628248746,0.37650493344049213,0.028891711084491116,0.4733053009400946,0.3544502318307842,0.028469523465390802,0.47187649572755724,0.3478047385744434,0.02813209881477849,0.4651193746511538,0.3452963059554124,0.028413963205803437,0.4691625638762358,0.43309283276660393,0.03915738342721456,0.6066334410336647,0.3961936462918497,0.02998252086468649,0.4578390426827858,0.34987192248762117,0.02176771718378103,0.36810555211978285,0.3457491107048741,0.020145371404332684,0.3514330983254834,0.33908736572545156,0.020113586267267895,0.345245880312787,0.342301844016634,0.02016450451052269,0.3515656719898519,0.3415607117420058,0.019879849610026805,0.3473599943389863,7,42704625,0.4528100225080826,0.7868684997407879,0.45999748891443265,0.068231814044171,0.4671440692327354,0.5508773346251697,0.23337167174744083,0.549783444812377,0.5659291212033627,0.13814474395329648,0.5834121703653494,0.7015666411704619
1.0000000000000677e-05,10.535943561507947,0.3457359146887295,0.02726146025105001,0.458543874750972,0.42271599370805807,0.0293122413836391,0.4829492501467077,0.3774993352185821,0.02826451796779165,0.47033314983559765,0.35480312073626596,0.027432849329023803,0.4576562908500071,0.34829340322416724,0.027161772803521805,0.4555375117529775,0.34514174395148467,0.027247095550474124,0.45943723739169307,0.4259732086151827,0.03757056664035461,0.6002498176151981,0.4003801190274799,0.029210222774713697,0.4537497371718624,0.35215571954151986,0.021060826220524936,0.36466769761566764,0.3401651426530832,0.019665394197381593,0.3460947218457782,0.3357467189187428,0.019610111391495284,0.3388554957616652,0.3401831658430814,0.01947854127534824,0.3440448656612725,0.336138899914852,0.019546615548612152,0.34278483899512024,8,42704625,0.46062855731116176,0.7847941108193528,0.463541305746227,0.07146543000672652,0.466520908780369,0.5488709220839879,0.23636059974285145,0.5521209697895061,0.5727288861510588,0.13432586654842807,0.582612046701094,0.704623597941344
1.0000000000000677e-05,10.503029231844483,0.34430410437441666,0.02638918058322296,0.4516039695072264,0.40996925138696216,0.028342070529012962,0.47076247903688423,0.36868688000088085,0.02745121876670177,0.45966772133130857,0.34688072819042637,0.02697697403641985,0.4464167896067564,0.3414746228504876,0.026640206871236215,0.4483865750388348,0.343358259994492,0.026386457285645867,0.44982058397170427,0.42360885765874334,0.03710538747207591,0.585112970229234,0.39673115000800385,0.028652528267265217,0.44753637302038785,0.34245744849289217,0.020620790646112396,0.3549764225444356,0.33818999369856273,0.019453905886752002,0.3379752855222789,0.33596698927457624,0.018951537697755642,0.33551527852994645,0.3377486803405763,0.019221315143868378,0.3350763340970034,0.33242123118345007,0.019091824502298876,0.3369210715251531,9,42704625,0.46012318212898684,0.7787430130566626,0.46346628860021527,0.07353029423963735,0.467838226098073,0.5517229674773765,0.23502754700267056,0.549130425942509,0.5696886798359145,0.14071912823022548,0.5746432314674284,0.6978830197013289
1.0000000000000677e-05,10.274131908780673,0.33788376256726077,0.026560253625997673,0.4397339473204268,0.4038300138504528,0.028085564257268294,0.4676121612208538,0.3577527017286256,0.027407975091025754,0.4508971462597509,0.3461534839590158,0.026842435861729942,0.4422686998714267,0.3366214174913335,0.026513485106372334,0.4386950896745243,0.3375614523090645,0.026630340304371104,0.4401799559578863,0.41975632730664447,0.03675547199754715,0.5871468713026937,0.3896509054762513,0.02844133363222669,0.4407227703206081,0.3461059728810557,0.02044421964309711,0.35320491781902597,0.3338526002475857,0.019074530643987946,0.33364358768938246,0.3342584229300885,0.018981917274245457,0.33144959061828333,0.3345287785750771,0.01880679443037847,0.3315523844224864,0.33278168811394454,0.01906301528168433,0.3334791827367698,10,42704625,0.45951427875358114,0.7971716425920784,0.4581850052353939,0.07881814377450298,0.46258687671624094,0.5481228282540986,0.23328278273642433,0.5526044824230598,0.5577565535719463,0.14701525470271692,0.5746957506718544,0.7000280503045326
1.0000000000000677e-05,10.302274535281228,0.33501055089445814,0.025882977726904975,0.43265832111521296,0.40769884312852034,0.0277827091712939,0.4603434278610458,0.35771449173899933,0.026383203409266705,0.4439164077302548,0.3408777143350418,0.026048457343611223,0.4357732406368732,0.3355623184156264,0.026054942412008383,0.4328109889198002,0.3389759232936431,0.025641729881380068,0.43238848568270305,0.41564393821116175,0.036064580657334006,0.5836496288059221,0.3913195862231212,0.02784858780743687,0.43100790503034614,0.33838268697469703,0.02014380354193261,0.348379629078757,0.33354995784176433,0.018603919141785524,0.33016317438900317,0.3328447994564167,0.018600755738501625,0.3236535577223674,0.33065838453834845,0.018352459167561,0.3261858239811094,0.3293922945718103,0.018600121014338812,0.32958411164243395,11,42704625,0.4600601257774899,0.8012977742130589,0.4602569474223144,0.08593337820800444,0.46526161791100756,0.5519430255926911,0.2325809294858604,0.5516475807241348,0.5680617680176107,0.17056226174840722,0.5721782955012681,0.6921217903504793
1.0000000000000677e-05,10.102164187035939,0.3328497650892361,0.025741890624724185,0.4296075168854785,0.40336548376735193,0.02729570112969441,0.4548264459732641,0.35766335570343905,0.026307478468532423,0.4357077293587765,0.33910519318419513,0.025987650771312775,0.43101052344523355,0.3329373607911493,0.025782236348928605,0.43402929429100756,0.3361783600234015,0.02558817697066121,0.4302158302172772,0.4195643810901041,0.03616198025912158,0.5781435490535628,0.39287186709801647,0.02744706073177403,0.4282673757439731,0.34002402966110806,0.019672777190561815,0.3475072576661197,0.3292409834593294,0.018417981200550333,0.3296038283964744,0.330348958650385,0.018294467268558105,0.32350685263190715,0.3272358129457194,0.01830498761137307,0.3254283344454707,0.3279754320352097,0.018173473786679977,0.32818214079094676,12,42704625,0.4546822108874441,0.8076604824981864,0.4606679242675633,0.09306313967072098,0.46385214417279824,0.5505645348234628,0.23346250588007014,0.5476813600838818,0.5597276193426054,0.17932184299623202,0.5718030817833754,0.6807393098639165
1.0000000000000677e-05,9.945570744587176,0.3357056858307623,0.024731230570844226,0.42506489673813946,0.40397822133298555,0.02663033351011793,0.4452980125770593,0.35218015521530943,0.025826454459378145,0.42733988050147087,0.336959535449436,0.025011732247363104,0.427301328974453,0.33710756683291626,0.025064590409068093,0.425002532197707,0.3339085092278174,0.02486600100366901,0.4239002553723058,0.4176364900673369,0.034871729626352294,0.5695107422894133,0.38946848586118343,0.0271012806615646,0.42414970599152735,0.33594374346015793,0.019467454553706232,0.34144478134724554,0.3300614455148276,0.018086824345423972,0.32184921451194737,0.3247714323936783,0.017866172330140064,0.3166043085294577,0.3276454508476385,0.018058394459234173,0.3180929763709183,0.3260726595910247,0.017902828708313463,0.32307959805404723,13,42704625,0.4628353476508762,0.8166099365939068,0.4567506092478625,0.11217367688702994,0.4634368204499177,0.5550066766421609,0.23894169840125712,0.5550874180291647,0.5586482388975675,0.19209804235765732,0.5794388589586484,0.6884063380285773
1.0000000000000677e-05,9.874751662583424,0.33378370090207243,0.024312148931563787,0.417149335433521,0.4045571251054443,0.025947813570214508,0.44214325182871433,0.3535541234817087,0.025260727841969297,0.4167796895648368,0.3343981995918669,0.02481309032719571,0.41150234699611593,0.3344886208071695,0.024609795376802912,0.415283794893142,0.33227126271364354,0.02463561075122121,0.41037095734033546,0.41597532079982225,0.034686767137197254,0.5591492235025293,0.3834059587810426,0.026883230517755752,0.41877997231996905,0.3326000768704576,0.019244905653111228,0.3303930834867169,0.3268084383254553,0.017930098344602245,0.3138433164598465,0.3269037585783964,0.017727907329498114,0.3129148836685294,0.32734502066163523,0.017732959350722523,0.31507743220116324,0.3248822445180524,0.017770379818957616,0.31376238457414646,14,42704625,0.46078362041349036,0.8080787976235423,0.4532847812616446,0.11818138271530576,0.46472948336740794,0.54806239529142,0.23749401370567771,0.5542536042452146,0.5621287237089782,0.2018153348963084,0.5798223520365022,0.6900818302255678
1.0000000000000677e-05,9.905631097319818,0.33104126750603435,0.02383175870837083,0.4122017146970573,0.41016958037401646,0.025567055993420785,0.4380925709868099,0.354720051629272,0.024706615794683858,0.4219977549907429,0.34055281652270475,0.024028354943528105,0.41576485789082673,0.3352694758736077,0.023845500037544216,0.41087134119392094,0.3307758976354209,0.023655242882009004,0.40915361989433285,0.4144872900506678,0.034313989576602186,0.5570036951346189,0.38769137996255554,0.026465078216825016,0.4139339768207353,0.3338857121316013,0.01876032408095461,0.3357724663570784,0.3305497123541602,0.017579217737856773,0.3136420680017789,0.32699626566220835,0.017550294653417908,0.31433816976162154,0.3231148860271265,0.017506721739727206,0.31395313134589903,0.3276412971447398,0.017657085445376485,0.3187809604372603,15,42704625,0.46649010094704313,0.8132898110414364,0.4553845944039502,0.12034568187901738,0.4658580114477513,0.5581634350719756,0.2399356602136079,0.5506488439333046,0.5656466062655706,0.2184237601096917,0.5698485377475577,0.6783865851848235
1.0000000000000677e-05,9.795976994287182,0.3286470561511486,0.023808273616978334,0.40529187593784977,0.397767745024817,0.025211922266425088,0.4319221585886343,0.34785730859121305,0.02452635011737134,0.4091344689543383,0.3358624658362444,0.024151305262709248,0.40403670287687765,0.33450526087304505,0.023937366154037954,0.40759535391380525,0.3298762216384413,0.023997636149887206,0.4053447657514523,0.40913576915218536,0.03434731161214041,0.5470558596733864,0.38569497739036124,0.026569640383345368,0.41561246255301626,0.3337271948886712,0.018714000716392135,0.3303603460869659,0.3245243270025333,0.017724321124978543,0.3113101132601898,0.32330263375009355,0.01753826996386782,0.31055228172648747,0.32597685674024995,0.017467238913382286,0.3105491405985391,0.32195583542588924,0.01755064606092861,0.31324978877859244,16,42704625,0.4643884649176012,0.8270878528529936,0.4578811813011901,0.11688168699815392,0.46736729716025305,0.5475701719736352,0.23774692921348617,0.551544698225958,0.5585192667404222,0.21666302977607227,0.566971804124729,0.684054893074562
1.0000000000000677e-05,9.777901943902933,0.3286488972161152,0.023626161663800754,0.39929679583199174,0.3950841643513267,0.025333466044095407,0.4268659308574525,0.3503926591558855,0.023929292384182906,0.40634305488847394,0.3350492740630038,0.023844408022075048,0.40494549828565185,0.3296728663389262,0.023531717028442378,0.40235589880052114,0.3288553634688881,0.02326499434987095,0.4051992048826797,0.40896822315307757,0.034026345466673664,0.5445574228248602,0.3801797212184051,0.025938257937614857,0.4116911730639155,0.330227782729691,0.01824855889484578,0.32712156802723724,0.3227467186718138,0.01747473502425848,0.31024567343173054,0.3189398603871109,0.017087427877183186,0.30641288932410204,0.32234320174906184,0.017197322353647227,0.31039247561923505,0.3246383186447799,0.01728450934931604,0.311230519704843,17,42704625,0.4611435134032959,0.8209669489390727,0.4548470629343334,0.12369287445417895,0.4686443226565668,0.5448376825180233,0.23668698173560945,0.5494521450593581,0.5573518945016264,0.2098932133741677,0.5716794188030112,0.6753404119309994
1.0000000000000677e-05,9.63944481617946,0.3309078163943315,0.02344467037125581,0.4068952258554797,0.3981434101872486,0.025239492189417283,0.4272969124413531,0.34695092902103697,0.024009216048205075,0.41331730204189854,0.33287419628328274,0.023670617190893042,0.4040804911093455,0.33184439448494185,0.023297842771939706,0.3996186773075095,0.3281312502686078,0.02317608753652669,0.4027089977964306,0.40737757017625087,0.03390637077407212,0.5378734296197514,0.3839907076558619,0.025488193158018955,0.4060275999297879,0.33038142395245257,0.018083460835418078,0.3240945561138419,0.3258317684382719,0.01713015652297022,0.3066830837783619,0.3236313945752361,0.0170464690877785,0.30353343719648807,0.3197576475367284,0.016923490193810595,0.307309600891959,0.3246512887234417,0.016873222699253156,0.31131160509152356,18,42704625,0.4637303644948591,0.8163201510667197,0.4580135135351885,0.12517204822638126,0.4732547410578038,0.5476973139368738,0.23902736035904143,0.556843067356838,0.5676803361567498,0.21555404592858007,0.5765839242315735,0.6853139294337034
1.0000000000000677e-05,9.567971617688688,0.32749905989582656,0.02366336042691937,0.39538110586741904,0.39279119025643283,0.024976222651400412,0.4184555178359107,0.34050727970609673,0.024061392699411908,0.40440571552473703,0.3289238383445747,0.02352353504163422,0.3965248759171594,0.3248505268675721,0.023640771445065194,0.39828875926155094,0.3293994308275829,0.023683937428924016,0.39197433507834895,0.40668348647126756,0.033066689547760264,0.5258350090084409,0.3816584085626015,0.02555750389349193,0.3996033486879889,0.3295280789658763,0.018160248592453833,0.3212269420067631,0.3239503863756764,0.017161316475101357,0.30342746380197827,0.31895656832441516,0.01690653306703423,0.3040825284175176,0.3181819466383406,0.017040996890626596,0.30358417808674665,0.3223896365019947,0.016921868444680722,0.3075043475752429,19,42704625,0.46359724560885207,0.8290252581804476,0.45957948450212455,0.12753227547115148,0.46451131997813394,0.5532361436037476,0.24087057018904462,0.5462560067181547,0.5652676404143153,0.2262481467695105,0.57961741524653,0.6835040434426084
1.0000000000000677e-05,9.542835369077856,0.32850884635819566,0.022981904205151393,0.3908561042314372,0.3870351499026416,0.024410672306729227,0.41513971869249916,0.3462633447009706,0.0234493547789773,0.39383182202713496,0.3285678213820722,0.02286814046147974,0.3933178349721578,0.3286901246995841,0.022914953770908422,0.39211375119094083,0.3279520712672088,0.022840146175822466,0.3887320908701151,0.4066555409597033,0.03265690825942949,0.5248423228454858,0.37548570933392517,0.025011583592877012,0.3972510580439496,0.3256182139150835,0.017879590830546438,0.31964858107254024,0.3206189625075163,0.01697011137767986,0.30191914371955897,0.32015965524144724,0.016639037139285263,0.29744512993990824,0.3210590630497421,0.016646090203273334,0.3035051077552869,0.32040724524881586,0.01682535198845773,0.3050866432022797,20,42704625,0.4689970713422001,0.8183563570002073,0.45294705012267794,0.14104098802447204,0.4718126649226654,0.5511464369434174,0.24137906329004818,0.5443187944492308,0.5539616410265322,0.23232853160366493,0.571841032672967,0.671287584019145
1.0000000000000677e-05,9.51496407920091,0.3286366494600116,0.02325717026085907,0.38945059527286346,0.3906690207372012,0.02419775927888281,0.4093167769609303,0.3394706356135456,0.02370543539286287,0.3932550090402537,0.3279385112033224,0.0231153839411246,0.38413564450922266,0.32560711463667946,0.022917630906412245,0.3835967592175743,0.32762338005829333,0.023129058755877188,0.38407972808453544,0.4045679340687098,0.032882422795295664,0.5119280691935202,0.37508500797593064,0.025293759474842113,0.39197427880244656,0.32338831558232156,0.01777133703717314,0.3122393823475099,0.31946702290763773,0.016955606479917614,0.29571453301339945,0.31593771470130316,0.01652266801808875,0.2958466894709514,0.31654802262242276,0.016521537495486703,0.2972962744849135,0.31839868829992396,0.016577126083134313,0.30124774496695056,21,42704625,0.46256058190414095,0.8162851115171321,0.4502186758737164,0.1440647030175245,0.47119721359791633,0.5369712913819457,0.23951275543694434,0.553949773252507,0.5588548911593693,0.23086201899392783,0.5759718766034048,0.6739961978912771
1.0000000000000677e-05,9.57909969214141,0.3249462255105866,0.022980881836483575,0.39550423813911645,0.38901619677591587,0.024515680631852332,0.41146624224091644,0.3464781413409429,0.023457957703775793,0.3947196726237554,0.33277191966689484,0.023066754567916403,0.3889545201898503,0.3265776066224701,0.022719780145317277,0.3870173537881909,0.32729961113831363,0.022904413494228545,0.38974124087495154,0.3982461991822858,0.032090627863458815,0.5145317799179596,0.37812951844900555,0.024889353516190194,0.3957937182811629,0.32381041914069203,0.01752106540672545,0.3163747449467783,0.31937663036471137,0.016536833217278783,0.2991841792888195,0.3166798720087529,0.016326020220940395,0.3008032682185753,0.3164924409898915,0.0166576043589577,0.3004099420315366,0.3194836858771788,0.01643956930342806,0.29944970106584434,22,42704625,0.46052780353817147,0.8267797300422901,0.45315975861815133,0.15326227613716417,0.4671906766959571,0.5441316856361541,0.23840087026082182,0.546845071297729,0.5621716855248918,0.2310689060320352,0.5715985313088732,0.6641006699088798
1.0000000000000677e-05,9.485246475756044,0.3228076858484519,0.022830447938806443,0.3876167772299698,0.38460741722486025,0.02394681205245151,0.4054735482454587,0.3433956401686169,0.023316523395871307,0.3902979380239691,0.3281647285264836,0.022783533543405343,0.3853853443548467,0.3274349910647863,0.022538753865284,0.38397697815142395,0.32315924274197705,0.022612341089566484,0.38966824965081154,0.40153184566260347,0.0315529244193401,0.5110349440351949,0.37491485369760447,0.02501680864071193,0.39381611084199986,0.3251958847222452,0.017644492697414863,0.3104958922150418,0.3194029772194964,0.01650483352430852,0.2976574358988684,0.3138107201665775,0.016279768735352185,0.2975649366347724,0.31486184821299784,0.01637678788876527,0.29899028145922235,0.31581579862459025,0.01635348251530965,0.30118038557127175,23,42704625,0.46921148806832386,0.8276343941972957,0.4543394588410645,0.1417354501874549,0.47727057053305694,0.5422764951692518,0.23755306621062938,0.5526568740546137,0.5551315557149518,0.22335451524306418,0.5690994273001788,0.6668492695002993
1.0000000000000677e-05,9.306734386889653,0.3250586278164995,0.022024439437136764,0.38668721336109085,0.38479363382584747,0.023593467703075983,0.4041134390977746,0.3374599140644563,0.022664331003553927,0.389315131691165,0.3295120362400233,0.022240486651571925,0.38491532704168485,0.3246003701727464,0.022231577922804027,0.37983072486267105,0.325460229657423,0.022250529475024414,0.38122617344966847,0.405606488802598,0.03136219046702601,0.502757816877798,0.37305700185947654,0.024568674625298076,0.3947458362516458,0.32206510759277585,0.01742194488150781,0.3119856569784442,0.31472399863426914,0.016301224963488833,0.2945685322204907,0.31408932687250135,0.016228116444719404,0.2914690257897918,0.31507834957358694,0.01623980996655012,0.29749332097004927,0.31502225958891517,0.016199143038860848,0.29451819637310855,24,42704625,0.4695844238564155,0.8260324408225788,0.4557604642559096,0.14514685399802188,0.47124509558866645,0.5455936936679757,0.2395309213703623,0.5502238152252614,0.5595266769952962,0.2269105081376077,0.5664113315594154,0.6647929794256692
1.0000000000000677e-05,9.305120488002606,0.324433875600341,0.02187465402057499,0.3853649491017685,0.37812234676069645,0.023241004527496143,0.40088218054099717,0.33429769726990366,0.022158057663920715,0.3853994643519479,0.32905525683631437,0.02182318413101942,0.380544993826597,0.32069450519795195,0.021951135383203004,0.3762041373882559,0.3234877850715651,0.021820147859662787,0.38073599269393626,0.39602462265482336,0.031169348312550804,0.5021945492839096,0.37361394456562463,0.02415306432448731,0.3890283253643599,0.3251382555044373,0.017283109625106933,0.3088087562852303,0.3167174711548538,0.01617748922314261,0.2953037713726114,0.3163013681071212,0.015949937236721643,0.2901353261135165,0.3139851499047758,0.016210896401515594,0.2920486779433731,0.31814659155510183,0.016009806064247935,0.29212276741089416,25,42704625,0.4705667444308441,0.8169862650573675,0.45905465971031656,0.15244460469033594,0.470625795927117,0.5373087532484565,0.2380358195560905,0.553663103696651,0.5635112759367475,0.2341543780519286,0.5665299999889215,0.6718521439254587
1.0000000000000677e-05,9.311208415823502,0.3230433117295598,0.021751246966778968,0.37684566335682584,0.37984425403796146,0.023136376985564363,0.3996918193596114,0.3415266211258908,0.022166920649736042,0.38102589107732876,0.32891402925199864,0.02176058376399724,0.3804859406662393,0.3253159684378042,0.021740895395278022,0.3778615079794197,0.3222858479969521,0.02162538233641684,0.37834441349593334,0.39911909670397766,0.031178897093873767,0.49670629661938304,0.37413215259426386,0.024665342123571514,0.3883633983512651,0.31953110901127013,0.01727077018910572,0.3043728453409882,0.3141409069219264,0.016048444683989065,0.2940451351114968,0.3128066618068907,0.01615918298594613,0.2867968929465037,0.3144001590023567,0.016141664654894743,0.28894797136396677,0.3147824453782081,0.01598274888841895,0.28992638311906654,26,42704625,0.465029222461623,0.8206541450239555,0.452783538577832,0.14896626447630865,0.4709217153974552,0.5348193192832824,0.23658800623789078,0.5484822238708292,0.563176091404514,0.24216438113971867,0.5661939126759203,0.6659632839433999
1.0000000000000677e-05,9.26745151235082,0.3228954866179599,0.021643716487635405,0.37367786900621125,0.3789441492893285,0.022818136044108973,0.39647542296759536,0.33631079188994073,0.02165538472216734,0.38215488544983495,0.3244062013260139,0.021652976635230973,0.37391008502860756,0.321723628649768,0.021340179883963164,0.3731833618848498,0.32350425220337947,0.021583492609691137,0.37615281445975934,0.3969484485712827,0.031013365870644738,0.49137580394868985,0.3735158469431768,0.024192856190426205,0.38459659257120166,0.31938110660322144,0.016989305942072295,0.30154775200579714,0.31542945677798634,0.016027930156669853,0.29167714224779856,0.3110829743728541,0.01583035658508444,0.2877035935607634,0.30993311906339144,0.01603351275774554,0.29126092208176735,0.31557620944349396,0.015900679661202004,0.29095122152736097,27,42704625,0.465184375936708,0.81629617833052,0.4541927951466796,0.14618759233989687,0.46956220231521867,0.5329477743063727,0.2354877493527076,0.5473144809285918,0.5624585078591057,0.23605232705315413,0.5739117688843803,0.6765789184914525
1.0000000000000677e-05,9.24786711348934,0.3184638666048314,0.02161988709036337,0.3714128028196113,0.3746637925761256,0.022703024805589188,0.3913263629752664,0.33353259222931764,0.02192050553942863,0.3741776883504456,0.3217207908743962,0.02160503008538377,0.37576285829860506,0.32049337766592323,0.021481716172033014,0.36986579586011664,0.319945333406587,0.021379890129601675,0.3716887448776392,0.4001214398959381,0.030784279047889343,0.4922633281277713,0.37213428039071067,0.024073790596673562,0.3780000754058957,0.3207099396053853,0.01698257194474478,0.3030877432511151,0.3105289745988039,0.016085121916878456,0.28587052791369283,0.31042258618861135,0.015809474043048524,0.2858724985372458,0.31270209908954505,0.015999551583771227,0.2881971131593295,0.3111339416056219,0.01582583467959134,0.2888993821978617,28,42704625,0.466528180664937,0.8102677558905033,0.45539489600812905,0.14423476725513842,0.4732826200262332,0.5401060302090573,0.23434693518503358,0.5484042993163353,0.5593462038039895,0.2393606944888438,0.574520903249093,0.6743695914492109
1.0000000000000677e-05,9.23038649411363,0.3200257190961968,0.021397338760997715,0.3734342192931785,0.3709888539240481,0.022954861358360373,0.39853902159015253,0.3306770860640822,0.022010513055160608,0.37912275030303744,0.322051622237639,0.021649653150875935,0.3740148998799842,0.32021847393311353,0.021224178907795124,0.37357562937273575,0.3173970537086454,0.021222812596260552,0.3758505585795613,0.39455394695627644,0.030368937412943938,0.4848646332177631,0.36660276909050793,0.023323487318360325,0.38050712833598993,0.3184298347137475,0.01661388301832077,0.2988838585845101,0.3111737073146319,0.01568424608315534,0.286399211089828,0.3078431179336169,0.015503719257540462,0.283132310572304,0.31068339953407337,0.015451931825142573,0.28858529813265404,0.30862609857310797,0.015648716155853528,0.2862833183247903,29,42704625,0.4682704468520549,0.8243877450499466,0.4595368341553892,0.14494795583717174,0.4698381722199714,0.5395685833240119,0.23346790506994486,0.5551923478978252,0.5594757769403863,0.24485528586946537,0.5731010133380651,0.6665641341802356
1.0000000000000677e-05,9.100944688470875,0.32256960149953806,0.0213112676153959,0.36876128631698346,0.36880249034694695,0.022730538876615733,0.3923585049090492,0.33048114296810577,0.021855971239316464,0.37756241476730906,0.3227939634117051,0.02120212796226738,0.3718385324657554,0.3207294422171305,0.02102932957019959,0.3692439976692141,0.3226998664003368,0.021015785079457,0.3701824683086859,0.39292316472142624,0.030385408300321742,0.48486117134184115,0.3710165478562554,0.023641839064827586,0.37752904314515867,0.3159978930322767,0.01682488238204501,0.2985688473431244,0.31442332345837387,0.015867762431143743,0.2863228627266317,0.3127833278952749,0.015622472540845372,0.2852791451441585,0.3111700608073744,0.01572815973882802,0.2826379969352919,0.3125731239821666,0.015873702744234885,0.28876707419744513,30,42704625,0.4690505811058861,0.8073405755010818,0.45112460764335005,0.14471337731447853,0.47017413908321093,0.5293462696042346,0.23724465179057982,0.5532209667708002,0.5604303808851616,0.23876344579307687,0.5790406268807511,0.660333310320077
1.0000000000000677e-05,9.017177790740314,0.316367100303028,0.020731118040997594,0.3663007959315379,0.3677752784215683,0.022238103239534873,0.38505432490010383,0.33413759657945413,0.021307297210351704,0.3699568869664535,0.3212758732596273,0.020841267889069752,0.3654072178155335,0.31586473938410115,0.02065022626127746,0.36778889376307083,0.31966967780925304,0.02066889504912856,0.3672574561879654,0.39401099660826416,0.02998116654307391,0.48045271356589153,0.36924060494108263,0.023202410507846338,0.37505876194821247,0.3167191625798718,0.016495868310881377,0.29914538918658945,0.3117583041089695,0.015487096353074055,0.28173924066444633,0.31210312800705403,0.01534907874396877,0.27999619595488484,0.31082065226501643,0.015405277846452474,0.28632754875017913,0.31225752712980737,0.015565524337614952,0.28775238392878333,31,42704625,0.4695930514135725,0.8242685067072107,0.4520989200456428,0.1446418166532637,0.47330608259120943,0.5402848480571061,0.23814357783677328,0.5596430428555526,0.5630336901901664,0.23899091920034987,0.5794790421027544,0.671336477688496
1.0000000000000677e-05,9.001893326207547,0.3187650728004356,0.021094595009278638,0.3677516011730027,0.37110770901480145,0.022928915415365247,0.38746904886311917,0.3440895737083955,0.021784388558493913,0.37446939545742247,0.3257676229641056,0.021538263498884627,0.3704258742606674,0.31936105980172264,0.021336396203035585,0.3647456145709059,0.31624560463764667,0.02149355935168265,0.3645445246847424,0.39581977177905103,0.030775020614858335,0.4759580153640839,0.36820648199809564,0.02352763551437115,0.37808637398941103,0.31754363523810347,0.016563741347544913,0.2987075276832365,0.30982474124504866,0.015473003909905405,0.28430610311779797,0.3069783834537357,0.015361616026089743,0.28266896956409454,0.3068415591806038,0.015493911856018809,0.2844599124505038,0.31002670024516443,0.015457249880240085,0.28484263876563876,32,42704625,0.4686359897406424,0.8165001482899406,0.45028357256455886,0.1429954081653297,0.46796581185656305,0.5450800048084912,0.23569868783756973,0.5530168012547871,0.5643389266170195,0.2314047875230051,0.5726513837764856,0.672466004091911
1.0000000000000677e-05,9.001386319537833,0.3155094813889837,0.020591223057450314,0.3675397104877603,0.3698187238070455,0.02243699300801928,0.38308827418204594,0.33555486829881787,0.02118229770592698,0.3664340654007438,0.32379524012750965,0.020687088142079372,0.36340839922738744,0.31902798091889584,0.02057977657733242,0.36006873143043155,0.3168993482544799,0.020564970152063027,0.36593211807697434,0.39455905172454414,0.03006302694957256,0.47047610120574224,0.36651491393933416,0.02357731841316126,0.3728056170744176,0.3182870297894109,0.01651074352969749,0.29549783876225655,0.31105207629407716,0.015633990072873187,0.28145917214186755,0.310099908593828,0.015461154484702717,0.2807721415791129,0.3111594314695263,0.01555536266351015,0.280903133085785,0.3112805365028703,0.01552206155837093,0.28144842719562924,33,42704625,0.46900984094712556,0.8195317842439507,0.45407497712133094,0.14279419096647164,0.4677561979364111,0.5363861693242707,0.23691429723842194,0.550581970111731,0.5662454151208443,0.2219386164711469,0.5689804065024572,0.6713434635663894
1.0000000000000677e-05,9.031087207448572,0.3150046742178169,0.02015814141936529,0.35799727316411456,0.37123953635412726,0.021385098154362955,0.3812340728997746,0.3321836294604701,0.020625854845688272,0.36278418154923964,0.32111689607971744,0.02017069517694344,0.36391505129516194,0.3163652253887624,0.020031270523512855,0.3594920772763828,0.3148187041538627,0.020101525444652348,0.3572736379897884,0.38965541652210145,0.02851240353227244,0.4676970085523188,0.3623136229609949,0.02295301598306085,0.371131935700189,0.3134727838468086,0.016108814244230222,0.29408097382693743,0.31102508145094654,0.01530220606787821,0.27752193169092115,0.3054267274493676,0.015041330504380114,0.2774923238106243,0.3053570715078215,0.015039884600751069,0.2760169688751539,0.30645367287487385,0.0152095649852968,0.279904233130905,34,42704625,0.4701702884922909,0.8214516158994408,0.44941949543573134,0.13921555826137322,0.4700340119391837,0.542865634864418,0.23531913802501433,0.5469822646165401,0.5603831784667755,0.22234008939668626,0.5752766439140193,0.6813331039164936
1.0000000000000677e-05,8.923408249583044,0.32041719494488247,0.020428393114989306,0.3607285775549725,0.3729798118274714,0.02214573108001777,0.3837934552820466,0.33819693018380925,0.021220917725838503,0.3665914797664623,0.320326142805373,0.02047973828975517,0.36212299168866,0.3170186025487057,0.02028722282190337,0.35633031823268363,0.3170540251002972,0.02036125565250679,0.36137221364943817,0.3903197271172867,0.0286605006765488,0.4668835362538055,0.3647480563246855,0.023126920471571524,0.3679745612635741,0.3126991514766639,0.01619656755831514,0.295278682121712,0.31071253728437565,0.015282260118022117,0.28128263486609145,0.30920775054295435,0.015072835323473935,0.27607471372593495,0.309104927031792,0.015329035942399455,0.2774591698897205,0.30625222315798245,0.015360397604798758,0.2792826348301379,35,42704625,0.4699427584417997,0.8216633216047567,0.45463070635065084,0.14591214825360074,0.4743664241862892,0.5454379287832775,0.2383832630207835,0.5522408249833415,0.5712326557380052,0.23552648526615982,0.5796527512208495,0.6675457175150394
1.0000000000000677e-05,9.108658179299681,0.3224399292592682,0.020132669712298646,0.3601668197725628,0.39352267097302357,0.022377637407299162,0.38382915748338964,0.38754055142479016,0.02079205318324386,0.36463561731872995,0.3445770783049813,0.020213375467286434,0.3584371947001823,0.32588567097895504,0.020074994187102336,0.3582558644350893,0.3240445544168537,0.020319264281968476,0.36091902861194153,0.39301113444837027,0.028730480555121413,0.4591783376154251,0.37011876932460547,0.023492326284949478,0.37126358107904983,0.3181237407477029,0.016512909192565737,0.29571910769843124,0.3096541422882051,0.015501772656933963,0.2798812300683142,0.3073428929094273,0.015307338228351043,0.27472884703567485,0.30572441244159265,0.015269316786713567,0.27744579732487323,0.30703392739906193,0.0153551998125681,0.28177093140963005,36,42704625,0.4735842200805092,0.8276170729363659,0.4586534968484573,0.15423086517804835,0.47863332969015127,0.540460517465656,0.23749497787502327,0.5655217647283811,0.5775810024570743,0.25062901543155297,0.5866979528142924,0.6822194485787064
1.0000000000000677e-05,8.923501794668002,0.3127161188360098,0.019877815273975957,0.35937205726401045,0.3676221657910789,0.02124774162209039,0.3732756376630005,0.3381800340552923,0.020499215616393753,0.3623329333123279,0.32173937405021563,0.019940503955558273,0.3531188967837525,0.317164715355895,0.020041973064807653,0.35039879909048305,0.3137528455673471,0.019841736128587063,0.35348507971111987,0.3864461223731661,0.028298935647358657,0.45570124494982284,0.36582098118857803,0.02272000354794305,0.3690184520684062,0.3140607225835138,0.016192958707883925,0.2889399256119032,0.30572579154547586,0.015101026838553107,0.27479794431549115,0.30620980187159885,0.015073300162354458,0.2763343970062008,0.30362984924122516,0.014926923215994956,0.27526369535418876,0.30716955718390354,0.014979170522671089,0.2791268011472603,37,42704625,0.47705638005190315,0.8304165747499532,0.4608935010438977,0.1602336861539366,0.47859981830398474,0.5465554688154023,0.23721867833382454,0.5660390501241831,0.5735952405183046,0.2524914218725594,0.5770343770833735,0.6698878368376449
1.0000000000000677e-05,8.879698978054664,0.31572944166876177,0.01987655387714874,0.3533431550139625,0.3643852783196885,0.02123335027292265,0.36931508704822913,0.33277613846855697,0.02018818660000702,0.3541512885937181,0.3159725835205803,0.020040269883209977,0.356422340813307,0.31617144776225137,0.02005226204646311,0.35009975775029456,0.31410285191906007,0.01971897976349735,0.35092273778701866,0.3893282942496684,0.027700484541416086,0.4510141889160224,0.36480270150479976,0.022734939148205117,0.36399579001288823,0.3161056484208167,0.01587872810507416,0.28701972197013564,0.3069663072182805,0.01501581639374898,0.2768229392883985,0.30349185128474215,0.01476891027083087,0.2751647407970344,0.3035050775028137,0.01491030994246813,0.2728183923655104,0.306996187872313,0.015117861291907057,0.27751338628623734,38,42704625,0.4728731787888121,0.8249459781931097,0.46059178218066865,0.1532262658355392,0.4768123117114506,0.5433545226001522,0.23861980213662595,0.5538280486847966,0.5690155018376054,0.24630998233544174,0.5746035193337576,0.6627472539855097
1.0000000000000677e-05,8.786472148830788,0.31251594000951005,0.019688110348010598,0.353878397947831,0.3677332947649061,0.02128917993058056,0.3690120980828346,0.3322166008925881,0.02032051630644229,0.3609714962868777,0.31682957146025115,0.0198973402706825,0.3569044368327538,0.3151498258885291,0.019890313303433597,0.355990854197354,0.3164156445746387,0.019771144409307724,0.35232513264721926,0.3894453480930906,0.02789466540869509,0.45516254400810835,0.35925427060534154,0.022775837259494034,0.364084201445615,0.3109023778365674,0.016019028869642446,0.2892482871911005,0.3053744751422528,0.015106938966028712,0.2769925694835651,0.3047615932134865,0.014776506733670439,0.27214788935975726,0.3036076748610717,0.014789985296112095,0.27490534813233214,0.30604202848425827,0.015021493674954116,0.27635611177219044,39,42704625,0.4732489598707977,0.8181502140288458,0.46445404365546306,0.15466638136144267,0.4786238801029202,0.5401641239819025,0.23603570695842876,0.5551791613250916,0.5620544557104203,0.23179075090765772,0.5744763783087918,0.6610836847868908
1.0000000000000677e-05,8.807132930913923,0.3174184807393741,0.020083994388586872,0.35428418237080894,0.3797787614576544,0.021523341994483008,0.37171213560733585,0.33651991011221055,0.020549589185972803,0.3564625125530159,0.3196310574181859,0.019931514738649982,0.34985911723337954,0.3160184546658439,0.019943870024669314,0.35341581860204035,0.3123803783241893,0.019822974602108804,0.35290111680596536,0.38587733181246286,0.02816261662715134,0.4457157551316798,0.3593927909400105,0.02275665027127806,0.35838170948115755,0.31088622808807276,0.015997131557385896,0.28514820087544646,0.3077306872486418,0.015041477089888417,0.27377779385992396,0.30280203909160347,0.014870469134956463,0.27008902946956037,0.3034973709193419,0.014959300538235533,0.2714483876012327,0.30631585201592654,0.01491095176486327,0.2738328239969075,40,42704625,0.47516333520965814,0.8167781665983913,0.46573288960732884,0.1518960308419656,0.4747836073748949,0.5447653998895173,0.23989388605039305,0.5506835609916523,0.5668202100148747,0.23389356129701927,0.5756954169161936,0.6673608020026979
1.0000000000000677e-05,8.769514434054804,0.31370248092967584,0.01997669150127016,0.35551394342038434,0.3690259395543359,0.021541605682879706,0.37515966397160244,0.3310176159652464,0.020533867647877378,0.359299701455505,0.32265214154157823,0.020128548521213343,0.35087571004386886,0.31287538614630067,0.02005329382492714,0.35254876687241404,0.3149695258063113,0.020029629272623948,0.3507359426498108,0.38559661271261253,0.02838313654252919,0.4525493629748695,0.35883814352201815,0.022821240503912463,0.364783493196684,0.3100169367065044,0.01589198650735716,0.2894984088289997,0.3081404315414998,0.015094951469755894,0.2750846704851645,0.3011009038914884,0.014827189928740705,0.27128466453511324,0.3056839023719904,0.014844578907781476,0.274521605842472,0.30471309381498335,0.015104614228445284,0.2764989939167976,41,42704625,0.4729602402384166,0.8241573767493989,0.4642009791572908,0.1559601626069001,0.47745532775675725,0.5496677445365901,0.23779350199446153,0.5505069889883981,0.5583996985565258,0.23455621371925164,0.5763703717118918,0.6646847570600032
1.0000000000000677e-05,8.818289042098264,0.31606513403447134,0.01959813501030867,0.3504399148006233,0.36436683069543213,0.02094005277974159,0.3675399169563062,0.3257051488227356,0.019938431080013513,0.3520834054134212,0.316262958127246,0.01974715114587593,0.3472558447232973,0.31356686727879934,0.01944537247659198,0.3513587047872121,0.312213365151332,0.019543007276282373,0.3505458221326411,0.38485490305078246,0.027558322989370467,0.44275358351802485,0.36423669545455484,0.02243080052446277,0.35910305030283524,0.3093534224618895,0.01575324385241016,0.28498273406707325,0.30358815477040285,0.015105393217058985,0.27263337441421626,0.3035260186379656,0.014732076737443107,0.26993421995181893,0.3035245719306693,0.014827650472462803,0.27195522250567106,0.3074912825406499,0.014903805420970145,0.2766894255019288,42,42704625,0.47102792639618657,0.8151117642976886,0.4694335680558213,0.14977129644947257,0.4757352371236444,0.556151091364297,0.23905056624689033,0.5593187046947258,0.5614529647067653,0.23443924039414454,0.5813248676754327,0.6766819384503377
1.0000000000000677e-05,8.743180597867513,0.31395307318820065,0.01908294736134442,0.3478264186725216,0.3579044860853072,0.020597482344180882,0.3630213066663932,0.32290319724273214,0.01968953995473318,0.3488956093309971,0.31498882531792416,0.01944374121535315,0.35021366259497233,0.3110276110564617,0.01909604335237774,0.34669030010025176,0.3095846120236776,0.01922413876035815,0.34564561399291244,0.38237864397765076,0.027492545682230734,0.44298896276349065,0.3591716162662659,0.02218454849640252,0.35795124606290013,0.30751217265135317,0.015573608041900529,0.2826621841185322,0.3041978839825798,0.014897240063254678,0.26903466901033546,0.29984309093508477,0.014590432598248331,0.26662681644175695,0.30077728601236103,0.01457676790088458,0.267761956043304,0.3054609469615569,0.01468440035143635,0.2738330065727682,43,42704625,0.4705875629803653,0.8272226748969019,0.47193560248934374,0.15649213228467446,0.4762087491426307,0.5543318991170824,0.240488279293621,0.5569633008026418,0.5717695118240795,0.23415836662862266,0.5741919535475228,0.6875289113197124
1.0000000000000677e-05,8.714068789285308,0.31470691088358993,0.01921010714343421,0.3498670121160226,0.3607794679807037,0.020603477699159493,0.3625847325187784,0.32381128914733,0.0198856947990849,0.3518526399512689,0.3123082896228955,0.019435408511595587,0.35029740338812804,0.3096045311317903,0.01911651204842816,0.34698741345288414,0.31043626392404106,0.019049580511856117,0.3471360874734575,0.37823531003447053,0.027262300291207624,0.4454077147409277,0.357369026523058,0.021826694671170165,0.35920449139186583,0.3102683796968877,0.01520774514160033,0.28004874925671075,0.30356398815496577,0.01446721516362989,0.2720661876511807,0.30236008837554806,0.014417218613865886,0.2693430584016889,0.2997710959569623,0.014473277542012051,0.2685018686116952,0.3055117724020052,0.014613665880052416,0.2699287960373358,44,42704625,0.47622680222528424,0.8331596151486251,0.4699496655159083,0.1549154318630226,0.48074842728591693,0.5556740786573586,0.24314870885558007,0.5533249218588498,0.5754865895758879,0.2377791930913999,0.5852949866090474,0.6963120079802668
1.0000000000000677e-05,8.710346019154166,0.3138133559666227,0.01893181673694058,0.3460655102706858,0.35928911090793203,0.02049010442276565,0.3575156243992334,0.3243412079795158,0.01965720433136333,0.34757334852496935,0.3151962719319693,0.0191432583556259,0.3456074163608915,0.31146540268276723,0.01889039223258717,0.3406416859460778,0.31321517949502947,0.01913668433611016,0.34490656240159717,0.37843364731646945,0.02714616845186391,0.44170403055206414,0.3568447290755141,0.02188395834566885,0.35092690075862565,0.3071223119682231,0.015423795413062817,0.27829171018704224,0.30346907931905326,0.014546358647670867,0.2670767056518595,0.3022433570720425,0.014531807890446495,0.26554256622600836,0.30111069249448,0.014466158143061464,0.2668203070915868,0.2987536383410543,0.014737828693946227,0.27054398021788967,45,42704625,0.4731201477237302,0.8293612493451491,0.4700899242286024,0.1622304856487539,0.47665329587568095,0.5492806151283578,0.24266877694878572,0.5627426490107508,0.5687607374769733,0.24563531359485083,0.5815400512740665,0.6878818887938563
1.0000000000000677e-05,8.627242235698258,0.31172268648324025,0.019442323955326773,0.3458055939129182,0.35428339904029243,0.020890346783667052,0.3583876201116477,0.31895828659713843,0.01993550640454091,0.34519788728940787,0.3115633975595124,0.019714469307877746,0.3446299751492244,0.3071959997848499,0.019258175586548486,0.34015840769422506,0.30946303994762003,0.01929746851215473,0.34497190724710763,0.3798654531266834,0.027439235736694597,0.43434677933319443,0.3552184577159991,0.022184535378765753,0.3564730813202179,0.309564110953681,0.015528593211520829,0.2818941618821243,0.30168460814362735,0.014593569159995658,0.2684799221955873,0.30012327189527693,0.014471767916509868,0.2635513523977883,0.3001552151967891,0.014540086357332574,0.2657125243632722,0.3019082551376977,0.014571898057197769,0.26716618778827445,46,42704625,0.4724387354340229,0.8242747612340718,0.4738760516633242,0.16744887691863372,0.47355015389367416,0.5500062099145655,0.24329518966562633,0.5567072543868937,0.5737422716473097,0.2543472669082613,0.5819078722563825,0.6820175637108955
1.0000000000000677e-05,8.701738339356206,0.31158099537639816,0.01900675512004461,0.34903131764535955,0.3606504648821614,0.020445773162495694,0.359399571575137,0.322644340726146,0.01940792901654134,0.3515438382230825,0.3145056753996173,0.019324816189675468,0.3443943644355494,0.31156164545535076,0.01926376176518031,0.3424815797918574,0.30824472288530025,0.019133391144985464,0.3430065413532292,0.3773131525325261,0.027288552842063874,0.43933455718544434,0.3566249230576346,0.021574964108660936,0.35496291800901864,0.30869556410087856,0.01521815048687859,0.2776374955592929,0.3033057644980668,0.014562785832818202,0.2666749006849838,0.2979885700918517,0.014420385061877485,0.2641901092957567,0.3024831037304242,0.014482734856736191,0.26719697156411004,0.30006868205523635,0.014265003226267855,0.26802306116074076,47,42704625,0.47795588582092197,0.8257981244544687,0.46578799469803683,0.17067013617127405,0.4803215286966273,0.5600104391696094,0.24426608027146654,0.5546817691752784,0.5768124021859837,0.26031057376185635,0.5793363318274473,0.6889053729844242
1.0000000000000677e-05,8.480055593230226,0.30944716868759253,0.018906701531568332,0.34173292068394,0.35433792427149113,0.01986971098393487,0.3539683477130087,0.3223847800700694,0.018963654223445373,0.33985312952029256,0.3123060346001361,0.01882270870185324,0.3366631605821071,0.30691513302154033,0.018666073607864892,0.3361699715303889,0.3092031470268091,0.018703485030949433,0.33904072917921596,0.3790510676316465,0.026575988293318434,0.43349564158020487,0.35522598376796743,0.021830697915592612,0.3509334424945135,0.3035217082598141,0.015191071449869515,0.2740559547801737,0.2976339803620626,0.01455067977275086,0.2664511514527047,0.2961016761641837,0.014320226980311873,0.26183328164448283,0.29792078947262146,0.014282479992446168,0.26324983288815407,0.2988459653098857,0.01435657687401306,0.2637557956797573,48,42704625,0.4794661229988905,0.824793255613483,0.46452542701630395,0.16969786515514845,0.4680413503446982,0.5641536308841874,0.24106374248792004,0.5633442543413109,0.5724698380544568,0.26096246035799686,0.5798190737293952,0.6981432589907139
1.0000000000000677e-05,8.605953817815243,0.307790318300256,0.01888373471070053,0.344316729540169,0.35215911284907775,0.020026006872244678,0.3531190107436883,0.3186253147197012,0.019216137313956407,0.34590080555180436,0.31151417930056424,0.01891279723725188,0.3405214792059229,0.30788604752161275,0.0187248438285147,0.33752309432001415,0.3074697387572409,0.018836366329508563,0.33761595783968146,0.3761925586444494,0.026788201819860726,0.4317971693926054,0.3561896757825961,0.02153269270635491,0.34989670420078833,0.3076704865944062,0.01521946857873623,0.27822252819888027,0.2988531230030918,0.01444472347273466,0.2628798248504983,0.30080936786012624,0.014344100344748248,0.2618363460729703,0.30076079130750394,0.014409845371463437,0.2645875167926991,0.3010598359849744,0.014460635626277508,0.26740021127975333,49,42704625,0.46905108646551685,0.8334765422192475,0.4602629472340557,0.17250144835506345,0.4649825798713233,0.5596405526464258,0.24230876652662917,0.5514819826473459,0.5665250412422218,0.26239585365338175,0.5763216685244449,0.6953663641871668
1.0000000000000677e-05,8.591374729812891,0.3078315877987161,0.018751008260017844,0.33968270621901286,0.3524468974919485,0.019846971280309336,0.3566355348388013,0.3195252804262269,0.019076203532217662,0.33941660708813187,0.3101806979605552,0.018888279593470902,0.34007126252181935,0.30551021679752915,0.018521785594712462,0.33918457189775847,0.3096688159879773,0.018496458486340125,0.33886227891392867,0.37545094851381766,0.026567040785889152,0.42599860818158597,0.35636294615632663,0.021438895737151204,0.34963152434164907,0.30521605396488044,0.015055684676766268,0.27384133842962904,0.2970881537914808,0.014263990876927422,0.26107960774898736,0.30006486075297784,0.014111007969208077,0.2612719743713591,0.30071447067266194,0.014179606924989846,0.26257694642410906,0.2998233247857196,0.014181643652172258,0.2633833450725258,50,42704625,0.46880136116026044,0.8227526560858828,0.4642540945395262,0.17307937027395598,0.46408581343444716,0.5504377180078203,0.23993010141912505,0.5551956677957475,0.5720048282619689,0.27121748644932187,0.5828254553747618,0.6799628762616452
